[{"model": "cl_app.city", "pk": 1, "fields": {"city": "Greenville"}}, {"model": "cl_app.city", "pk": 2, "fields": {"city": "Asheville"}}, {"model": "cl_app.city", "pk": 3, "fields": {"city": "Saluda"}}, {"model": "cl_app.city", "pk": 4, "fields": {"city": "Spartanburg"}}, {"model": "cl_app.profile", "pk": 1, "fields": {"user": 2, "profile_city": 2, "preferred_contact": "828-555-6666"}}, {"model": "cl_app.profile", "pk": 2, "fields": {"user": 1, "profile_city": 3, "preferred_contact": "dhcrain@gmail.com"}}, {"model": "cl_app.profile", "pk": 3, "fields": {"user": 5, "profile_city": null, "preferred_contact": null}}, {"model": "cl_app.profile", "pk": 4, "fields": {"user": 6, "profile_city": 4, "preferred_contact": "123-456-7890"}}, {"model": "cl_app.profile", "pk": 6, "fields": {"user": 8, "profile_city": null, "preferred_contact": null}}, {"model": "cl_app.profile", "pk": 7, "fields": {"user": 9, "profile_city": null, "preferred_contact": null}}, {"model": "cl_app.profile", "pk": 8, "fields": {"user": 10, "profile_city": null, "preferred_contact": null}}, {"model": "cl_app.profile", "pk": 9, "fields": {"user": 11, "profile_city": null, "preferred_contact": null}}, {"model": "cl_app.listingtype", "pk": 1, "fields": {"name": "For Sale", "parent": null}}, {"model": "cl_app.listingtype", "pk": 2, "fields": {"name": "Real Estate", "parent": null}}, {"model": "cl_app.listingtype", "pk": 3, "fields": {"name": "Barter", "parent": null}}, {"model": "cl_app.listingtype", "pk": 4, "fields": {"name": "Services", "parent": null}}, {"model": "cl_app.listingtype", "pk": 5, "fields": {"name": "Car", "parent": 1}}, {"model": "cl_app.listingtype", "pk": 6, "fields": {"name": "Bikes", "parent": 1}}, {"model": "cl_app.listingtype", "pk": 7, "fields": {"name": "Apartment", "parent": 2}}, {"model": "cl_app.listingtype", "pk": 8, "fields": {"name": "Housing", "parent": 2}}, {"model": "cl_app.listingtype", "pk": 9, "fields": {"name": "Goods", "parent": 3}}, {"model": "cl_app.listingtype", "pk": 10, "fields": {"name": "Labor", "parent": 3}}, {"model": "cl_app.listingtype", "pk": 11, "fields": {"name": "Financial", "parent": 4}}, {"model": "cl_app.listingtype", "pk": 12, "fields": {"name": "Car Wash", "parent": 4}}, {"model": "cl_app.listing", "pk": 1, "fields": {"user": 1, "listing_city": 1, "category": 5, "title": "it has wheels, a car", "price": 1000, "description": "but only 3 of them", "photo": "listing_photos/fatty.jpg", "created": "2016-06-24T14:26:53.684Z"}}, {"model": "cl_app.listing", "pk": 2, "fields": {"user": 1, "listing_city": 1, "category": 6, "title": "Kona Process 111", "price": 555, "description": "it has 2 wheels", "photo": "listing_photos/dc_bikes_0000s_0000_Layer_4_fWlboRI.jpg", "created": "2016-06-24T14:46:17.569Z"}}, {"model": "cl_app.listing", "pk": 3, "fields": {"user": 1, "listing_city": 1, "category": 6, "title": "Transition Bandit", "price": 1000, "description": "it has 2 wheels", "photo": "", "created": "2016-06-24T14:46:46.920Z"}}, {"model": "cl_app.listing", "pk": 4, "fields": {"user": 1, "listing_city": 1, "category": 5, "title": "Tacoma", "price": 15000, "description": "4 dr 4 wd", "photo": "", "created": "2016-06-24T20:51:01.434Z"}}, {"model": "cl_app.listing", "pk": 5, "fields": {"user": 1, "listing_city": 1, "category": 7, "title": "Apartment", "price": 995, "description": "2br 2b", "photo": "", "created": "2016-06-24T20:51:54.153Z"}}, {"model": "cl_app.listing", "pk": 6, "fields": {"user": 1, "listing_city": 1, "category": 8, "title": "House listing", "price": 100000, "description": "big house", "photo": "", "created": "2016-06-24T20:52:17.991Z"}}, {"model": "cl_app.listing", "pk": 7, "fields": {"user": 2, "listing_city": 2, "category": 5, "title": "Lexus avl", "price": 12000, "description": "4 doors, leather etc...", "photo": "", "created": "2016-06-25T17:17:07.137Z"}}, {"model": "cl_app.listing", "pk": 8, "fields": {"user": 1, "listing_city": 2, "category": 5, "title": "Rav 4 avl", "price": 9000, "description": "yahoo", "photo": "", "created": "2016-06-25T17:18:28.408Z"}}, {"model": "cl_app.listing", "pk": 10, "fields": {"user": 2, "listing_city": 2, "category": 6, "title": "avl Gary Fisher", "price": 400, "description": "Alie's Bike", "photo": "", "created": "2016-06-25T17:20:54.177Z"}}, {"model": "cl_app.listing", "pk": 11, "fields": {"user": 1, "listing_city": 2, "category": 7, "title": "Door to door trash pickup, Business cent", "price": 1100, "description": "Arbors at Fairview\r\n1000 Arbor Keats Dr Simpsonville, SC 29680\r\nshow contact info \r\nwww.thearborsatfairview.com\r\n\r\n\r\nWelcome home! Arbors at Fairview Apartments features three spacious floor plans with one, two and three bedroom layouts. Amenities include fireplaces*, walk-in closets and garden bathtubs*. The community features a heated swimming pool, car care center and putting green. Find your way here, take a photo tour, or start your application today!\r\n\r\nApartment Amenities\r\n-Vaulted ceilings*\r\n-Wheelchair accessible*\r\n-Garden tubs*\r\n-Dishwasher\r\n-Private patio or balcony\r\n-Ceiling fan\r\n-Fully furnished kitchen\r\n-Cable ready", "photo": "", "created": "2016-06-25T20:44:07.913Z"}}, {"model": "cl_app.listing", "pk": 12, "fields": {"user": 1, "listing_city": 4, "category": 9, "title": "snapon box with tools for military truck", "price": 0, "description": "8000 DOLLAR BOX snapon deep long drawers full of tools. every drawer is full. no junk either. mac snapon Matco and gearwrench. . Trade for military truck or police vehicle... or Fire truck.. pics with reply or get deleted", "photo": "", "created": "2016-06-26T14:21:20.816Z"}}, {"model": "cl_app.listing", "pk": 13, "fields": {"user": 1, "listing_city": 2, "category": 6, "title": "Men's 60in Specialized Allez Road Bike", "price": 500, "description": "Purchased from Carolina Triathlon in 2011. Rode sparingly! Comes with computer(needs battery). \r\n\r\nBest suited for someone 6'0 or taller! Perfect for beginning cycler on the road or swamp rabbit trail! \r\n\r\nAsking $500.", "photo": "listing_photos/bike_spec.jpg", "created": "2016-06-26T15:23:32.424Z"}}, {"model": "cl_app.listing", "pk": 14, "fields": {"user": 1, "listing_city": 2, "category": 6, "title": "Trek mountain bike", "price": 700, "description": "I have a Trek mountain bike for sale. It comes with schimano deore xt components and rides great has new bontrager tires, tubes, brakes and tune up. The bike has never been in rain or water, or kept outside. I don't ride like I did before and have decided to sell it for $700 dollars cash only. No trade, I would just keep the bike. If you would like to see it, use the reply button and pass along your phone number, I will call you when I can. I go to school and work, so it may be after 8pm I will remove this ad as soon as it sells. Thanks", "photo": "listing_photos/trek_bike.jpg", "created": "2016-06-26T15:25:24.889Z"}}, {"model": "cl_app.listing", "pk": 15, "fields": {"user": 1, "listing_city": 2, "category": 6, "title": "Trek mountain bike", "price": 700, "description": "I have a Trek mountain bike for sale. It comes with schimano deore xt components and rides great has new bontrager tires, tubes, brakes and tune up. The bike has never been in rain or water, or kept outside. I don't ride like I did before and have decided to sell it for $700 dollars cash only. No trade, I would just keep the bike. If you would like to see it, use the reply button and pass along your phone number, I will call you when I can. I go to school and work, so it may be after 8pm I will remove this ad as soon as it sells. Thanks", "photo": "listing_photos/trek_bike_IG4zDyJ.jpg", "created": "2016-06-26T15:27:13.147Z"}}, {"model": "cl_app.listing", "pk": 16, "fields": {"user": 1, "listing_city": 3, "category": 5, "title": "Car saluda", "price": 99, "description": "yeah a car", "photo": "", "created": "2016-06-27T01:34:29.051Z"}}, {"model": "cl_app.listing", "pk": 18, "fields": {"user": 1, "listing_city": 1, "category": 10, "title": "Clemson Student Movers Moving Company", "price": 333, "description": "Greenville and surrounding areas/ Clemson/ Anderson/ Seneca etc\r\n\r\nWe are an experienced team of Clemson University students who recognized the need for dependable, trustworthy, and affordable moving services. Moving is very stressful so our goal is to make it as stress free as we can. We accomplish this by working hard, not cutting corners, and making the customer our number one priority. Our movers are all current Clemson students who are working to support themselves while pursuing their degrees. \r\n\r\nWhat we offer....\r\n\r\nMost of the work that we do is loading/unloading. This includes uhuals, trucks, pods, etc...\r\nWe have a pick up truck if you have a small move.\r\nFurniture removal and pick up, we can pick up anything for you.\r\nJunk removal services; let us clean out that garage or old tool shed.\r\n\r\n\r\n60/hr for a 2 man team\r\n1hr minimum\r\n\r\nJames Madden\r\nPhone: show contact info \r\nCall anytime between 7am-9pm Monday-Sunday\r\nEmail anytime", "photo": "", "created": "2016-06-30T20:06:24.316Z"}}, {"model": "cl_app.listing", "pk": 19, "fields": {"user": 1, "listing_city": 3, "category": 6, "title": "api post test bike", "price": 2, "description": "testing...", "photo": "", "created": "2016-07-01T13:01:58.041Z"}}, {"model": "cl_app.listing", "pk": 20, "fields": {"user": 8, "listing_city": 1, "category": 1, "title": "test 118pm", "price": 345, "description": "sd", "photo": "", "created": "2016-07-01T17:19:07.429Z"}}, {"model": "cl_app.listing", "pk": 21, "fields": {"user": 1, "listing_city": 3, "category": 6, "title": "api post test bike2", "price": 2, "description": "testing...khfjhgdcjhgc", "photo": "", "created": "2016-07-01T17:28:27.473Z"}}, {"model": "cl_app.listing", "pk": 22, "fields": {"user": 1, "listing_city": 1, "category": 5, "title": "Lexus", "price": 29, "description": "testing....", "photo": "", "created": "2016-07-02T20:50:53.585Z"}}, {"model": "cl_app.listing", "pk": 23, "fields": {"user": 1, "listing_city": 3, "category": 5, "title": "khgkhc", "price": 5737, "description": "jkhfljbnkml,;lkjhgfdszxcvbnm,;lkjhgfdsasdfghm", "photo": "", "created": "2016-07-02T20:54:55.598Z"}}, {"model": "cl_app.listing", "pk": 24, "fields": {"user": 1, "listing_city": 3, "category": 5, "title": "khgkhc", "price": 573, "description": "jkhfljbnkml,;lkjhg,;lkjhgfdsasdfghm", "photo": "", "created": "2016-07-02T20:55:38.610Z"}}, {"model": "cl_app.listing", "pk": 25, "fields": {"user": 1, "listing_city": 3, "category": 6, "title": "Scott Spark 910 FS - Carbon (Large)", "price": 2900, "description": "Size (large) 29'er\r\nFox suspension 100/110 mm (chip to custom tune suspension - lower or raise bottom bracket)\r\nShimano components (XT / XTR)\r\nCarbon handle bars, stem\r\nCarbon frame\r\nCarbon seat post (3T and seat rails)\r\nRemote suspension lock-out\r\nSwiss DT hubs, front and rear thru axles\r\nSet up tubeless on Kenda Nevegal (also extra tires - Schwalbe Rocket Ron's)\r\nSuper fast!\r\nExcellent condition!\r\nNeeds nothing only one season of riding (I broke my kneecap when I bought it)\r\nBuying a Gravel Grinder road bike", "photo": "listing_photos/scott_spark.jpg", "created": "2016-08-15T18:11:52.600Z"}}, {"model": "cl_app.listing", "pk": 26, "fields": {"user": 1, "listing_city": 1, "category": 6, "title": "Webb Works Bamboo Bike", "price": 1400, "description": "Need gone... 2014 Webb Works Monsoon. Sram components Force 22 carbon crankset. Please call or text for more pics and info. show contact info \r\n\r\nBike was $2500 new plus the upgrads. $1500 obo. Please do not waste my time.", "photo": "listing_photos/bamboo_bike.jpg", "created": "2016-08-15T18:12:59.025Z"}}, {"model": "cl_app.listing", "pk": 27, "fields": {"user": 1, "listing_city": 1, "category": 6, "title": "1995ish Burley Rock 'n Roll Tandem", "price": 400, "description": "Awesome Burley tandem, great for gravel grinding/road/Swamp Rabbit. Steel frame, SoftRide stoker seat with extension to fit taller riders. Rear drag brake. I have a set of mountain tires of hybrid/road tires, I can include both. $2500 when new (a long time ago). Captain seat frame measures 18\" or so, I'm 5'11\" and my wife is 5'6\" and we fit fine. Call/text 828-four-five-ate-6551. No trades.", "photo": "listing_photos/00s0s_4jXJ5QCgTuo_600x450.jpg", "created": "2016-08-15T18:13:55.053Z"}}, {"model": "cl_app.listing", "pk": 28, "fields": {"user": 1, "listing_city": 1, "category": 6, "title": "2016 StumpJumper FSR 6Fattie Expert", "price": 4300, "description": "Retail was $6500. Ridden 3 times and unfortunately need to sell. Absolutely perfect condition with zero defects.\r\n\r\nSize Large\r\n\r\nSave $2400 over new. \r\n\r\nAny questions please call. I will post more photos when I get an opportunity, but the bike is mint.\r\n\r\nThanks,\r\nNathaniel", "photo": "listing_photos/00l0l_4EY8YMwacLv_600x450.jpg", "created": "2016-08-15T18:14:41.786Z"}}, {"model": "cl_app.listing", "pk": 29, "fields": {"user": 1, "listing_city": 1, "category": 6, "title": "Wee ride co-pilot tagalong bike", "price": 55, "description": "Wee ride co-pilot in excellent condition. Good tires. Perfect for the beginning rider. Just had it checked out at Great Escape. Ready ride! :)\r\n$75", "photo": "listing_photos/00909_7OKLyUo4quT_600x450.jpg", "created": "2016-08-15T18:16:24.058Z"}}, {"model": "cl_app.listing", "pk": 30, "fields": {"user": 1, "listing_city": 1, "category": 6, "title": "Vintage Dyno Cruiser Bicycle", "price": 495, "description": "Vintage Dyno Cruiser Bicycle. Excellent condition. Price: $495", "photo": "listing_photos/01313_5C1j3Fxcit4_600x450.jpg", "created": "2016-08-15T18:17:01.004Z"}}, {"model": "cl_app.listing", "pk": 31, "fields": {"user": 1, "listing_city": 1, "category": 6, "title": "jamis roughneck", "price": 1550, "description": "this is the all new for 2016 Jamis Roughneck. this is not a Walmart bike. this is a high end fat tire mountain bike. has been rode 3 times at camp croft state Park. it's a 19\" frame. upgraded the paddles to raceface . the bike retails for 1700 and this is the last one they had online or in store. come with a life time warranty and life time tune up from Bicycle Time in boiling springs sc. no trades . asking 1550 obo plz call or txt . we can set up demo rides if needed", "photo": "listing_photos/01010_3Xjm35S4vSG_600x450.jpg", "created": "2016-08-15T18:17:42.610Z"}}, {"model": "cl_app.listing", "pk": 32, "fields": {"user": 1, "listing_city": 1, "category": 6, "title": "Santa Cruz Blur LTc", "price": 2100, "description": "I'm selling my 2012 Santa Cruz Blur LTc. Carbon frame, 140mm (5\" travel) front and rear.\r\n\r\nBought the frame and fork new in April of 2013. It has less than 10 rides on it. I have 3 mountain bikes and tend to ride my others. I'd like to sell this to help fund a cross bike.\r\n\r\nFrame size is small. See geometry here: \r\nhttp://www.santacruzbicycles.com/files/blt2_geomtery.png\r\n\r\n26\" quick release wheels front and rear. Mix of Shimano XT and Sram X9 components.\r\n\r\nAlso willing to sell frame/fork/headset.\r\n\r\nPlease call/text/email with questions.\r\n\r\nThanks,\r\nJeff", "photo": "listing_photos/00A0A_cgn8ZjH7bDf_600x450.jpg", "created": "2016-08-15T18:18:39.422Z"}}, {"model": "cl_app.listing", "pk": 33, "fields": {"user": 1, "listing_city": 1, "category": 6, "title": "Trek session 88 downhill bike", "price": 2000, "description": "Like new trek session 88 saint components Marzocchi fork with extra springs.This bike is a 2010 world cup. This is a true racing machine.It is size large. This bike was $6000 new and is still like new.Asking $2000 OBO\r\n\r\nThanks I also have helmets and racing gear .", "photo": "listing_photos/01515_l3UXNEGRBCZ_600x450.jpg", "created": "2016-08-15T18:19:28.599Z"}}, {"model": "cl_app.listing", "pk": 34, "fields": {"user": 1, "listing_city": 1, "category": 6, "title": "Giant Reign for Sale", "price": 1500, "description": "I'm selling my 2013 Giant Reign 2 all-mountain bike with full suspension, dropper seat, and upgraded back wheel. The frame size is large. I have thoroughly enjoyed this bike and taken great care of it, and while I want to move to a more conservative, cross-country or general trail riding bike, this Giant has not only served its purpose while climbing but really excelled when descending. A couple of things:\r\n\r\nI replaced the derailleur about a year ago with the same Sram X7.\r\n\r\nI upgraded the back wheel with a DT Swiss XR 4.1d, handbuilt by a bike mechanic at the now-extinct Gusto Cycles.\r\n\r\nI am including the Deity Compound pedals with the bike.\r\n\r\nI'm also throwing in the suspension pump that you see in the one of the pictures.\r\n\r\nTake a look at the specs online and let me know if you have any questions. I am able to meet pretty much anywhere in Greenville, but if you're coming from out of town, we can make arrangements for that as well. \r\nThanks, Jonathan", "photo": "listing_photos/00S0S_lBwqQVU3AI0_600x450.jpg", "created": "2016-08-15T18:20:03.685Z"}}, {"model": "cl_app.listing", "pk": 35, "fields": {"user": 1, "listing_city": 1, "category": 6, "title": "2011 Cannondale Synapse 6, 54cm Road Bik", "price": 575, "description": "2011 Cannondale Synapse 6, 54cm Price drop to $575\r\nLooking for a great road bike? This bike is the perfect choice. \r\nI am very sad to be selling this bike, but decided to make the switch to a Cyclocross bike so I can join my husband in racing CX. That being said I have taken meticulous care of this bike (it has been kept in our house) and all maintenance has been done by a very professional local bike shop. The ride on this bike is VERY comfortable both on longer rides and is great for climbing (I loved riding the Blue Ridge Parkway on this bike). It also has great stability, handling, and shifts perfectly. Recent maintenance include: new brake cables, cable housing, chain, cassette, low mile tires, and brake pads. Please let me know if you have any questions or would like to take it for a test ride!\r\n\r\nHere is Cannondale's description of the bike:\r\nSynapse aluminum frame is built to give riders great handling, stability and steering precision for an excellent all-around road ride quality. Seatstays and carbon fork feature the Cannondale Synapse Active Vibration Elimination (S.A.V.E.) technology for damping road vibration 9-speed drivetrain features Shimano Tiagra crank set and components for dependable shifts across the 18 gear combinations", "photo": "listing_photos/00M0M_3EEvw4kc8Bf_600x450.jpg", "created": "2016-08-15T18:20:52.346Z"}}]